ak1165.png,FUW999
ak399.png,FGJ235
ak721.png,FHG521
ak848.png,FPJ331
al1156.png,6A5730A
al1181.png,26A178N
al1204.png,9A9990A
al1247.png,47A434F
al1259.png,KAA20C
al145.png,47A8D4C
al1528.png,1G3296B
al1662.png,2A3633A
al47.png,2A9043J
ar1097.png,UNI
ar1258.png,541AXY
ar127.png,991LNJ
ar1282.png,318ACZ
ar1308.png,355OCT
ar1487.png,NOX218
ar285.png,514KZE
ar477.png,133IIS
ar480.png,094NKC
ar624.png,ANYTEXT
ar726.png,324AZY
ar785.png,050LRR
ar800.png,520MRK
ar810.png,NOX226
ar834.png,AAAC
ar867.png,357HPB
ar883.png,087LAN
az1001.png,176NWN
az102.png,AGB7548
az1193.png,4YA411
az1429.png,IM4REAL
az158.png,FSM4EVR
az381.png,919RMW
az443.png,AST3087
az589.png,W16627
az758.png,BUKTLST
az808.png,100AAA
az837.png,752ARM
az943.png,CUNAZ
ca1000.png,HALTC02
ca1043.png,5EKR790
ca1073.png,DUKDAWG
ca1127.png,BUBBIE2
ca1136.png,5UMH719
ca1173.png,JAKEMRY
ca1194.png,Y0SPEED
ca1218.png,5NNY092
ca1543.png,ALKATRZ
ca1564.png,5AOJ230
ca1574.png,IMJSAYN
ca1591.png,P0W9999
ca1592.png,5PPP064
ca1622.png,WC6DX
ca1629.png,4HFX108
ca1635.png,6FGR999
ca241.png,4NZK761
ca261.png,6LIK274
ca286.png,5VCF203
ca350.png,6MBV006
ca359.png,6DZG261
ca366.png,5SIR459
ca424.png,NTGUILTY
ca519.png,5BBM299
ca574.png,4CVU806
ca740.png,5ALN015
ca780.png,SAMPLE1
ca857.png,5ZJC907
ca884.png,ILEG0
ca900.png,STARK11
co1018.png,ABU4137
co1049.png,JX1000
co122.png,000XXX
co1431.png,832AXV
co184.png,371MHA
co192.png,031XOP
co74.png,411SJW
co818.png,016FGM
co918.png,637RJH
ct1475.png,725SLV
ct233.png,251RGF
ct362.png,WH0515
ct455.png,C0NNMAN
ct499.png,471NZO
ct59.png,392YNJ
ct704.png,644ETS
ct766.png,232MMA
ct833.png,126PLK
ct839.png,444MWK
ct83.png,267WJE
ct863.png,285XHK
ct879.png,126PTU
dc1008.png,DP7160
dc1038.png,AX2247
dc1065.png,DB3043
dc106.png,BA0523
dc1096.png,DCV0TE
dc1118.png,BC4922
dc1246.png,BR1932
dc1253.png,800002
dc1294.png,CW1694
dc1348.png,DZ4646
dc1415.png,CX4887
dc1498.png,DD9477
dc1542.png,CD3503
dc156.png,800002
dc1575.png,CD8065
dc1596.png,DZ1555
dc188.png,800002
dc522.png,BJ3710
dc545.png,2368
dc765.png,DA9836
dc97.png,800002
de0.png,508736
de1057.png,200000
de1203.png,668130
de1254.png,421774
de1288.png,197659
de1519.png,721902
de1608.png,HP7562
de387.png,198606
de395.png,848048
de681.png,498354
de793.png,69617
de931.png,211907
de959.png,C76634
fl1167.png,7164HF
fl1225.png,W772UQ
fl1307.png,I404MY
fl227.png,FLNGP00
fl234.png,H507VU
fl26.png,615KPI
fl512.png,CUST0M
fl559.png,707YCC
fl823.png,Y6BYG
fl830.png,981XXH
fl920.png,N788BY
ga1260.png,BJL833
ga1314.png,HW1155
ga1484.png,BMN2079
ga151.png,BVN0669
ga16.png,ASN1074
ga31.png,APM5740
hi1005.png,WTFDMV
hi103.png,GZG347
hi1106.png,KTE268
hi1134.png,MZA275
hi1214.png,MSH861
hi130.png,HGX212
hi1559.png,JUSTMAUID
hi157.png,HXM691
hi302.png,KVU441
hi481.png,KVA442
hi503.png,KAB277
hi505.png,KTU979
hi588.png,HBD331
hi597.png,AA974
hi609.png,568201
hi685.png,BE840
hi72.png,WH6K0
hi817.png,PSX960
hi841.png,KZF827
hi89.png,HWR837
ia1025.png,469BWW
ia1376.png,042WYG
ia1387.png,444NOQ
ia1419.png,712WQA
ia1458.png,5812HJ
ia215.png,339HAT
ia289.png,8584HH
ia396.png,J0518
ia462.png,696PAI
ia537.png,576PBQ
ia547.png,326XLH
ia553.png,8363HJ
ia695.png,683ZCL
ia760.png,7881BZ
ia779.png,397CQW
ia842.png,778AOS
id1163.png,693ABA
id1191.png,8862
id1280.png,IDAH0HI
id1320.png,2006R
id137.png,C0UGAR
id1405.png,8BL8976
id1409.png,SQUAW
id140.png,DELIGRL
id1416.png,DRIFTER
id1485.png,2CZ3587
id1567.png,46914
id1645.png,I64081
id238.png,2B699
id254.png,BL0GGER
id260.png,1A2E468
id400.png,B33333
id415.png,HYDR01
id42.png,1AA4679
id513.png,1T10294
id539.png,0LDGRL
id665.png,1AD849T
id688.png,71227
id770.png,1AVB713
id825.png,MNW235
id860.png,1ADL132
id913.png,UPDCRIK
id991.png,108565
id997.png,9B352T
il1102.png,5977144
il1148.png,G343404
il1200.png,PLTFRM
il126.png,H694856
il1302.png,H233308
il1328.png,IR0NY
il1339.png,4141119
il1373.png,9185914
il1480.png,4233784
il1481.png,8812044
il1587.png,CHICAG0
il197.png,5205303
il202.png,6023411
il214.png,L824788
il330.png,K545614
il372.png,T299066
il393.png,A323060
il596.png,QIU1688
il608.png,FAMILY
il616.png,H103801
il638.png,96381A
il696.png,4069160
il804.png,5415791
il906.png,4701134
in1076.png,194MJM
in1184.png,ANYTEXT
in1266.png,858GAB
in1334.png,BEG0DS
in1658.png,N0G0DS
in367.png,221TAN
in549.png,904AFL
in870.png,824BOJ
ks1105.png,987BYN
ks252.png,123SAM
ks50.png,034ADQ
ky1217.png,BBG50B
ky1249.png,697BBM
ky319.png,697BBM
ky452.png,209JVC
ky476.png,778JCC
ky69.png,344JMD
ky729.png,547KPE
la1064.png,MRK589
la1109.png,NJP857
la1160.png,B588779
la1177.png,PKX512
la11.png,W869804
la1213.png,NPJ766
la1356.png,UZTHE4C
la1444.png,OQK466
la1616.png,VTP781
la163.png,OIT643
la237.png,LFS658
la244.png,CZH964
la275.png,TAF389
la298.png,LPB635
la380.png,ANYTEXT
la405.png,X066342
la571.png,PCM050
la691.png,VJT338
la701.png,LFM397
la746.png,B395483
la787.png,NRM331
la7.png,KRM489
la806.png,X243499
ma1014.png,152JK8
ma115.png,35YF25
ma1180.png,78BL81
ma1230.png,168PH5
ma142.png,72LY
ma1506.png,86TJ68
ma1614.png,421EM9
ma246.png,4280
ma257.png,14CV10
ma49.png,2515
ma700.png,8249AG
ma78.png,14CV10
ma805.png,WRLDTC
ma836.png,20FY20
ma880.png,196XJY
ma902.png,2652WE
ma912.png,5555
ma948.png,16FF
md1035.png,AJK216
md1046.png,SAMPLE
md1107.png,7BPD06
md1304.png,26
md1392.png,19024K
md1430.png,A000956
md1585.png,976BB0
md178.png,0
md223.png,ADT80S
md284.png,017M149
md29.png,4DLR50
md356.png,CTH523
md510.png,FRESPCH
md520.png,07532F
md645.png,A075307
md725.png,VTS820
md783.png,3DDB31
md874.png,CTH523
md925.png,ARW072
md962.png,DHB822
me1074.png,KHAAANN
me1078.png,M0000SE
me1330.png,MDJJS5
me1418.png,6725SC
me1432.png,16991
me1453.png,241AKD
me1502.png,6628LG
me1518.png,1435GK
me1605.png,481ABQ
me1628.png,1435GK
me203.png,100AJA
me20.png,0MYSTRZ
me471.png,965AAS
me542.png,4303HI
me775.png,MMGUIDE
me847.png,100AJA
me872.png,8348KQ
mi1055.png,A39HK
mi1155.png,BLF5563
mi1175.png,CFA7360
mi1322.png,C2TURB0
mi1346.png,BCX4554
mi1593.png,AQE66
mi172.png,D0N0R
mi242.png,G0LFING
mi309.png,AA00A
mi40.png,BXC2341
mi585.png,SAMPL
mi984.png,4BXG21
mn1081.png,PAP263
mn110.png,7364
mn1111.png,UUC271
mn1140.png,ATHEIST
mn1224.png,085NXE
mn1292.png,903GZR
mn1457.png,845CTC
mn1544.png,MW369
mn1618.png,2678
mn332.png,523AEZ
mn378.png,GLF288
mn429.png,FMP703
mn485.png,DN242
mn518.png,BRECHT
mn64.png,EVA931
mn723.png,PAP263
mn764.png,BT000
mn96.png,GK063
mn980.png,DCE353
mo1212.png,DE8Y2A
mo1450.png,HF1C7G
mo1654.png,0CA069
mo528.png,158CSX
mo565.png,FB8A3E
mo856.png,FF2C9E
ms1062.png,015NF6
ms1122.png,WRW935
ms1189.png,2C058
ms1340.png,EJK553
ms1342.png,G026
ms143.png,FSQ769
ms1441.png,188LAP
ms1447.png,QTA827
ms1467.png,RFI947
ms1551.png,N3934
ms456.png,HNP739
ms458.png,KTA001
ms478.png,123ABC
ms527.png,HNQ196
ms639.png,TAD856
ms909.png,2AH616
mt155.png,404148A
nc1010.png,TZY6473
nc1079.png,WWM5953
nc1116.png,594
nc1126.png,1TARHEELS
nc1202.png,LXK5176
nc1289.png,ZVN3934
nc1309.png,SHP1561
nc1407.png,KWV3918
nc1443.png,2250
nc1488.png,WXF7388
nc1499.png,G0945
nc1531.png,WTB9154
nc1570.png,SXN9714
nc1579.png,KYP4595
nc1655.png,EXN2894
nc216.png,XHILR8N1
nc224.png,E074
nc436.png,T2R
nc489.png,RBS84
nc514.png,MTC5982
nc541.png,CURE4HD
nc551.png,JSD7911
nc610.png,2861
nc615.png,WYF8749
nc724.png,CVS20E
nc79.png,0BX40699
nc812.png,3887
nc86.png,ANZ2431
nc946.png,MNA6704
nc969.png,SWEETTHING
nc977.png,Q0900
nd1227.png,CHVYSSR
nd1372.png,GXJ915
nd1381.png,PL8DB8
nd1452.png,GTF063
nd1525.png,ENC239
nd1568.png,ECT977
nd1660.png,DJP638
nd272.png,DWH486
nd343.png,73011
nd563.png,JLS011
nd662.png,HGM083
nd916.png,BB63
nd93.png,HNB773
nd99.png,HCA520
ne280.png,0JW695
ne745.png,5D2772
ne790.png,0JT898
ne90.png,0RZ466
ne979.png,RJL946
nh1244.png,QUILLS
nh1273.png,S0X1FAN
nh1411.png,2494264
nh1470.png,9C067
nh150.png,1410502
nh1557.png,FIX169C
nh228.png,760952
nh247.png,REBIZ
nh326.png,UBUNTU
nh567.png,2085885
nh598.png,NFFE
nh605.png,1859C
nh71.png,2499275
nh738.png,548873
nh763.png,FATCHX
nh799.png,2470410
nh811.png,GAGGED
nh846.png,541245
nh882.png,2757814
nh932.png,1041608
nh936.png,2635819
nj104.png,KLX41C
nj1174.png,KAP0R0
nj1238.png,W17K
nj1257.png,AAA0000
nj1428.png,PLT65K
nj1497.png,R34AAF
nj1520.png,ZLR10N
nj243.png,5520
nj250.png,UXX71N
nj348.png,KLX41C
nj389.png,NPJ26F
nj45.png,BY993E
nj479.png,SAMP
nj552.png,YAH87F
nj600.png,ZUP36A
nj611.png,RPR15J
nj63.png,JYR91E
nj654.png,2422
nj683.png,EVZ135
nj754.png,UAA47C
nj814.png,D15AEC
nj864.png,ZMU91A
nj885.png,RZJ80D
nj891.png,NZV97Y
nj92.png,ZCS74S
nj937.png,BUYME
nm1265.png,LLY441
nm1423.png,LLL333
nm373.png,NM100
nm576.png,LMB203
nm582.png,LMS301
nm647.png,LJK920
nm922.png,LJM367
nv100.png,LUVP0KR
nv1086.png,670SGU
nv1279.png,CRKSCRW
nv1414.png,470MYF
nv1583.png,326NEB
nv1597.png,259PWK
nv1624.png,212UJM
nv1665.png,418WBB
nv1667.png,351WLA
nv442.png,BATMANX
nv464.png,DD8UGY
nv483.png,552PML
nv497.png,094MWJ
nv604.png,673NTE
nv637.png,650VYM
nv679.png,599MAR
nv698.png,LTLGT0
nv756.png,839VGA
nv768.png,SAMPLE
nv831.png,304SZT
nv940.png,057SMF
nv952.png,936MTB
ny1077.png,ADL4681
ny1110.png,CHT9032
ny1166.png,FAE5954
ny1237.png,ACX7518
ny1255.png,ABC2345
ny1496.png,EAZ6913
ny1517.png,FBR1449
ny1663.png,NUYAWRK
ny279.png,DCG6624
ny466.png,FAA4563
ny524.png,FAE6137
ny599.png,PADDL10S
ny705.png,ABC2345
ny717.png,AFV5000
ny749.png,10FB87
ny873.png,AAA2208
ny942.png,FCP5943
ny986.png,ATL7457
oh1158.png,MCH1256
oh1631.png,DWQ5780
oh200.png,DIS6847
oh862.png,29HSP
ok1101.png,676DWS
ok1261.png,202AER
ok1344.png,321FEE
ok48.png,FBH476
ok556.png,093GOK
ok667.png,786EQY
ok919.png,002AGN
or1034.png,526BQU
or124.png,941EXW
or1303.png,9144
or1331.png,UVE567
or1459.png,XSZ075
or1509.png,UZP660
or1609.png,UWQ789
or1623.png,SKT517
or206.png,000BBB
or240.png,L0LWUT
or256.png,942FQL
or266.png,NY2ND
or270.png,ANYTEXT
or382.png,TAE351
or439.png,UNF121
or526.png,617
or612.png,UKS949
or795.png,4503
or822.png,YDR431
or907.png,149BPB
or985.png,34230
pa1183.png,GGG0563
pa118.png,PMM33
pa1211.png,M0T0RZ
pa1286.png,IQU010
pa1451.png,XCG6033
pa1600.png,YYX2828
pa1632.png,GHG5269
pa1652.png,DYL4905
pa357.png,EHE8237
pa374.png,ANYTEXT
pa411.png,GTM8445
pa525.png,PAPL8S
pa534.png,ASUKA
pa584.png,HPP4120
pa845.png,DVK0943
pa905.png,GTX8962
pa958.png,M0T0RZ
ri1020.png,WA763
ri1080.png,12345
ri1275.png,QQ839
ri1558.png,XO706
ri1634.png,MX117
ri165.png,GB634
ri267.png,697241
ri342.png,KS693
ri502.png,723579
ri562.png,WA763
ri583.png,EE674
ri649.png,713731
ri65.png,ZT714
ri669.png,EV516
ri797.png,QT743
ri840.png,934219
ri892.png,VO820
ri939.png,714625
ri956.png,NV298
sc1026.png,GJE176
sc1114.png,ABC123
sc412.png,GCG668
sc432.png,CDI441
sc440.png,BWB725
sd1068.png,1NU656
sd186.png,29CA53
sd300.png,1NU656
sd46.png,MG2403
sd486.png,1WG011
sd904.png,MM6533
sd983.png,2PL015
tn1220.png,824VFP
tn1274.png,999QLM
tn14.png,0UTFR0NT
tn1647.png,345KHC
tn1659.png,005GFN
tn211.png,738FKH
tn231.png,594CYK
tn821.png,666CYL
tn8.png,270BFJ
tx1006.png,BB1B001
tx1023.png,697BBJ
tx1030.png,BB1B001
tx128.png,BH8G151
tx1455.png,BC5X489
tx1552.png,DB8R369
tx1573.png,BB1B001
tx194.png,BM5T299
tx299.png,CK3H547
tx39.png,BB9H906
ut1091.png,622ZUP
ut111.png,Z860VT
ut1476.png,TENKARA
ut427.png,887ZFB
ut741.png,Z387RY
ut908.png,Z822AA
ut993.png,Z697BP
va1011.png,602013
va1033.png,UZ5354
va1037.png,P0PQIZ
va1067.png,JND8425
va1072.png,LW1257
va1082.png,NUTSACK
va1128.png,YJH7538
va1137.png,XGK9239
va1164.png,1416EH
va1190.png,WM2048
va1192.png,EECW
va1229.png,4798WD
va1299.png,CN1309
va1365.png,SAMPLE
va1368.png,9999CF
va1401.png,PF4415
va1437.png,1338UN
va1463.png,ZUC7951
va1503.png,JAM7122
va1523.png,KGV5561
va1664.png,265257
va183.png,2291TK
va236.png,ABD1840
va314.png,PS2411
va341.png,1333LE
va398.png,ANTIG0V
va3.png,LLA1000
va445.png,1279AX
va459.png,9999CF
va469.png,1361HI
va558.png,JRZYSHR
va636.png,1255GM
va670.png,ACP4019
va803.png,URSAE
va82.png,25895J
va961.png,XXJ6610
vt108.png,BKW119
vt1092.png,GUTSY
vt121.png,CSN932
vt1305.png,APC838
vt1425.png,CBB812
vt201.png,CKA375
vt251.png,HAVFUN
vt268.png,0
vt315.png,0
vt370.png,BRRRR
vt635.png,ANYTEXT
vt706.png,0
vt792.png,19012
vt964.png,CKB941
vt988.png,ANH453
vt9.png,7684
wa1071.png,PRIVACY
wa1129.png,878PEG
wa114.png,GR0WAPR
wa1188.png,ANYTEXT
wa1239.png,922RIE
wa1241.png,12132W
wa1412.png,222NNN
wa1439.png,627WWI
wa1456.png,135KEU
wa1641.png,627WWI
wa304.png,602JPG
wa30.png,954ZDX
wa316.png,953TZY
wa325.png,95003
wa349.png,063JXB
wa468.png,3589
wa533.png,13
wa742.png,GR8BUNZ
wi1032.png,XSTASY
wi1157.png,780AAA
wi1378.png,871MBT
wi1426.png,TFD715
wi144.png,315NKX
wi1536.png,FGY127
wi1588.png,956HFJ
wi1611.png,271LDZ
wi179.png,RXH400
wi219.png,SMILEM0
wi264.png,962ARF
wi291.png,616FAF
wi301.png,704BBJ
wi306.png,BIGCHEESE
wi428.png,687AHV
wi438.png,VACVAN
wi454.png,379GXY
wi580.png,PAM221
wi699.png,237TKJ
wi911.png,196GPF
wi972.png,810NUS
wv1056.png,7524
wv1113.png,OAM145
wv1256.png,4N3972
wv12.png,6NM162
wv1399.png,3Y1688
wv1646.png,4W5825
wv290.png,4W5825
wv37.png,CTHULHU
wv495.png,9AK856
wv496.png,OEC617
wv80.png,4PB188
wv861.png,548
wy1083.png,4434R
wy1093.png,299YX
wy1235.png,248
wy1514.png,1321
wy23.png,1345D
wy282.png,5501
wy322.png,692
wy368.png,5503F
wy369.png,874J
wy420.png,0
wy508.png,3555
wy658.png,4475
wy712.png,4779
wy716.png,79XA
wy963.png,4339C